<?xml version="1.0" encoding="UTF-8" standalone="yes"?>
<tns:WSMatching xmlns:tns="http://www.kth.se/ict/id2208/Matching" xmlns:ns2="http://www.w3.org/2001/XMLSchema-instance" ns2:schemaLocation="http://www.kth.se/ict/id2208/Matching Output.xsd ">
    <tns:Matching>
        <tns:OutputServiceName>LuxuryhotelService</tns:OutputServiceName>
        <tns:InputServiceName>AgentmovementService</tns:InputServiceName>
        <tns:MatchedOperation>
            <tns:OutputOperationName>get_LUXURYHOTEL</tns:OutputOperationName>
            <tns:InputOperationName>getFuturePosition</tns:InputOperationName>
            <tns:OpScore>0.6</tns:OpScore>
            <tns:MatchedElement>
                <tns:OutputElement>_LUXURYHOTEL</tns:OutputElement>
                <tns:InputElement>Agent</tns:InputElement>
                <tns:Score>0.6</tns:Score>
            </tns:MatchedElement>
        </tns:MatchedOperation>
        <tns:WsScore>0.6</tns:WsScore>
    </tns:Matching>
    <tns:Matching>
        <tns:OutputServiceName>AuthorService</tns:OutputServiceName>
        <tns:InputServiceName>AgentmovementService</tns:InputServiceName>
        <tns:MatchedOperation>
            <tns:OutputOperationName>get_AUTHOR</tns:OutputOperationName>
            <tns:InputOperationName>getFuturePosition</tns:InputOperationName>
            <tns:OpScore>0.6</tns:OpScore>
            <tns:MatchedElement>
                <tns:OutputElement>_AUTHOR</tns:OutputElement>
                <tns:InputElement>Agent</tns:InputElement>
                <tns:Score>0.6</tns:Score>
            </tns:MatchedElement>
        </tns:MatchedOperation>
        <tns:WsScore>0.6</tns:WsScore>
    </tns:Matching>
    <tns:Matching>
        <tns:OutputServiceName>AuthorService</tns:OutputServiceName>
        <tns:InputServiceName>AuthorBookmaxpriceService</tns:InputServiceName>
        <tns:MatchedOperation>
            <tns:OutputOperationName>get_AUTHOR</tns:OutputOperationName>
            <tns:InputOperationName>get_BOOK_MAXPRICE</tns:InputOperationName>
            <tns:OpScore>1.0</tns:OpScore>
            <tns:MatchedElement>
                <tns:OutputElement>_AUTHOR</tns:OutputElement>
                <tns:InputElement>_AUTHOR</tns:InputElement>
                <tns:Score>1.0</tns:Score>
            </tns:MatchedElement>
        </tns:MatchedOperation>
        <tns:WsScore>1.0</tns:WsScore>
    </tns:Matching>
    <tns:Matching>
        <tns:OutputServiceName>AuthorService</tns:OutputServiceName>
        <tns:InputServiceName>AuthorBookpriceService</tns:InputServiceName>
        <tns:MatchedOperation>
            <tns:OutputOperationName>get_AUTHOR</tns:OutputOperationName>
            <tns:InputOperationName>get_BOOK_PRICE</tns:InputOperationName>
            <tns:OpScore>1.0</tns:OpScore>
            <tns:MatchedElement>
                <tns:OutputElement>_AUTHOR</tns:OutputElement>
                <tns:InputElement>_AUTHOR</tns:InputElement>
                <tns:Score>1.0</tns:Score>
            </tns:MatchedElement>
        </tns:MatchedOperation>
        <tns:WsScore>1.0</tns:WsScore>
    </tns:Matching>
    <tns:Matching>
        <tns:OutputServiceName>AuthorService</tns:OutputServiceName>
        <tns:InputServiceName>AuthorBookrecommendedpriceService</tns:InputServiceName>
        <tns:MatchedOperation>
            <tns:OutputOperationName>get_AUTHOR</tns:OutputOperationName>
            <tns:InputOperationName>get_BOOK_RECOMMENDEDPRICE</tns:InputOperationName>
            <tns:OpScore>1.0</tns:OpScore>
            <tns:MatchedElement>
                <tns:OutputElement>_AUTHOR</tns:OutputElement>
                <tns:InputElement>_AUTHOR</tns:InputElement>
                <tns:Score>1.0</tns:Score>
            </tns:MatchedElement>
        </tns:MatchedOperation>
        <tns:WsScore>1.0</tns:WsScore>
    </tns:Matching>
    <tns:Matching>
        <tns:OutputServiceName>AuthorService</tns:OutputServiceName>
        <tns:InputServiceName>AuthorBooktaxedpriceService</tns:InputServiceName>
        <tns:MatchedOperation>
            <tns:OutputOperationName>get_AUTHOR</tns:OutputOperationName>
            <tns:InputOperationName>get_BOOK_TAXEDPRICE</tns:InputOperationName>
            <tns:OpScore>1.0</tns:OpScore>
            <tns:MatchedElement>
                <tns:OutputElement>_AUTHOR</tns:OutputElement>
                <tns:InputElement>_AUTHOR</tns:InputElement>
                <tns:Score>1.0</tns:Score>
            </tns:MatchedElement>
        </tns:MatchedOperation>
        <tns:WsScore>1.0</tns:WsScore>
    </tns:Matching>
    <tns:Matching>
        <tns:OutputServiceName>AuthorService</tns:OutputServiceName>
        <tns:InputServiceName>AuthorBooktaxfreepriceService</tns:InputServiceName>
        <tns:MatchedOperation>
            <tns:OutputOperationName>get_AUTHOR</tns:OutputOperationName>
            <tns:InputOperationName>get_BOOK_TAXFREEPRICE</tns:InputOperationName>
            <tns:OpScore>1.0</tns:OpScore>
            <tns:MatchedElement>
                <tns:OutputElement>_AUTHOR</tns:OutputElement>
                <tns:InputElement>_AUTHOR</tns:InputElement>
                <tns:Score>1.0</tns:Score>
            </tns:MatchedElement>
        </tns:MatchedOperation>
        <tns:WsScore>1.0</tns:WsScore>
    </tns:Matching>
    <tns:Matching>
        <tns:OutputServiceName>AuthorService</tns:OutputServiceName>
        <tns:InputServiceName>AuthorMonographmaxpriceService</tns:InputServiceName>
        <tns:MatchedOperation>
            <tns:OutputOperationName>get_AUTHOR</tns:OutputOperationName>
            <tns:InputOperationName>get_MONOGRAPH_MAXPRICE</tns:InputOperationName>
            <tns:OpScore>1.0</tns:OpScore>
            <tns:MatchedElement>
                <tns:OutputElement>_AUTHOR</tns:OutputElement>
                <tns:InputElement>_AUTHOR</tns:InputElement>
                <tns:Score>1.0</tns:Score>
            </tns:MatchedElement>
        </tns:MatchedOperation>
        <tns:WsScore>1.0</tns:WsScore>
    </tns:Matching>
    <tns:Matching>
        <tns:OutputServiceName>AuthorService</tns:OutputServiceName>
        <tns:InputServiceName>AuthorMonographpriceService</tns:InputServiceName>
        <tns:MatchedOperation>
            <tns:OutputOperationName>get_AUTHOR</tns:OutputOperationName>
            <tns:InputOperationName>get_MONOGRAPH_PRICE</tns:InputOperationName>
            <tns:OpScore>1.0</tns:OpScore>
            <tns:MatchedElement>
                <tns:OutputElement>_AUTHOR</tns:OutputElement>
                <tns:InputElement>_AUTHOR</tns:InputElement>
                <tns:Score>1.0</tns:Score>
            </tns:MatchedElement>
        </tns:MatchedOperation>
        <tns:WsScore>1.0</tns:WsScore>
    </tns:Matching>
    <tns:Matching>
        <tns:OutputServiceName>AuthorService</tns:OutputServiceName>
        <tns:InputServiceName>AuthorMonographrecommendedpriceService</tns:InputServiceName>
        <tns:MatchedOperation>
            <tns:OutputOperationName>get_AUTHOR</tns:OutputOperationName>
            <tns:InputOperationName>get_MONOGRAPH_RECOMMENDEDPRICE</tns:InputOperationName>
            <tns:OpScore>1.0</tns:OpScore>
            <tns:MatchedElement>
                <tns:OutputElement>_AUTHOR</tns:OutputElement>
                <tns:InputElement>_AUTHOR</tns:InputElement>
                <tns:Score>1.0</tns:Score>
            </tns:MatchedElement>
        </tns:MatchedOperation>
        <tns:WsScore>1.0</tns:WsScore>
    </tns:Matching>
    <tns:Matching>
        <tns:OutputServiceName>AuthorService</tns:OutputServiceName>
        <tns:InputServiceName>AuthorMonographtaxedpriceService</tns:InputServiceName>
        <tns:MatchedOperation>
            <tns:OutputOperationName>get_AUTHOR</tns:OutputOperationName>
            <tns:InputOperationName>get_MONOGRAPH_TAXEDPRICE</tns:InputOperationName>
            <tns:OpScore>1.0</tns:OpScore>
            <tns:MatchedElement>
                <tns:OutputElement>_AUTHOR</tns:OutputElement>
                <tns:InputElement>_AUTHOR</tns:InputElement>
                <tns:Score>1.0</tns:Score>
            </tns:MatchedElement>
        </tns:MatchedOperation>
        <tns:WsScore>1.0</tns:WsScore>
    </tns:Matching>
    <tns:Matching>
        <tns:OutputServiceName>AuthorService</tns:OutputServiceName>
        <tns:InputServiceName>AuthorMonographtaxfreepriceService</tns:InputServiceName>
        <tns:MatchedOperation>
            <tns:OutputOperationName>get_AUTHOR</tns:OutputOperationName>
            <tns:InputOperationName>get_MONOGRAPH_TAXFREEPRICE</tns:InputOperationName>
            <tns:OpScore>1.0</tns:OpScore>
            <tns:MatchedElement>
                <tns:OutputElement>_AUTHOR</tns:OutputElement>
                <tns:InputElement>_AUTHOR</tns:InputElement>
                <tns:Score>1.0</tns:Score>
            </tns:MatchedElement>
        </tns:MatchedOperation>
        <tns:WsScore>1.0</tns:WsScore>
    </tns:Matching>
    <tns:Matching>
        <tns:OutputServiceName>AuthorService</tns:OutputServiceName>
        <tns:InputServiceName>AuthorNovelmaxpriceService</tns:InputServiceName>
        <tns:MatchedOperation>
            <tns:OutputOperationName>get_AUTHOR</tns:OutputOperationName>
            <tns:InputOperationName>get_NOVEL_MAXPRICE</tns:InputOperationName>
            <tns:OpScore>1.0</tns:OpScore>
            <tns:MatchedElement>
                <tns:OutputElement>_AUTHOR</tns:OutputElement>
                <tns:InputElement>_AUTHOR</tns:InputElement>
                <tns:Score>1.0</tns:Score>
            </tns:MatchedElement>
        </tns:MatchedOperation>
        <tns:WsScore>1.0</tns:WsScore>
    </tns:Matching>
    <tns:Matching>
        <tns:OutputServiceName>AuthorService</tns:OutputServiceName>
        <tns:InputServiceName>AuthorNovelpriceService</tns:InputServiceName>
        <tns:MatchedOperation>
            <tns:OutputOperationName>get_AUTHOR</tns:OutputOperationName>
            <tns:InputOperationName>get_NOVEL_PRICE</tns:InputOperationName>
            <tns:OpScore>1.0</tns:OpScore>
            <tns:MatchedElement>
                <tns:OutputElement>_AUTHOR</tns:OutputElement>
                <tns:InputElement>_AUTHOR</tns:InputElement>
                <tns:Score>1.0</tns:Score>
            </tns:MatchedElement>
        </tns:MatchedOperation>
        <tns:WsScore>1.0</tns:WsScore>
    </tns:Matching>
    <tns:Matching>
        <tns:OutputServiceName>AuthorService</tns:OutputServiceName>
        <tns:InputServiceName>AuthorNovelrecommendedpriceService</tns:InputServiceName>
        <tns:MatchedOperation>
            <tns:OutputOperationName>get_AUTHOR</tns:OutputOperationName>
            <tns:InputOperationName>get_NOVEL_RECOMMENDEDPRICE</tns:InputOperationName>
            <tns:OpScore>1.0</tns:OpScore>
            <tns:MatchedElement>
                <tns:OutputElement>_AUTHOR</tns:OutputElement>
                <tns:InputElement>_AUTHOR</tns:InputElement>
                <tns:Score>1.0</tns:Score>
            </tns:MatchedElement>
        </tns:MatchedOperation>
        <tns:WsScore>1.0</tns:WsScore>
    </tns:Matching>
    <tns:Matching>
        <tns:OutputServiceName>AuthorService</tns:OutputServiceName>
        <tns:InputServiceName>AuthorNoveltaxedpriceService</tns:InputServiceName>
        <tns:MatchedOperation>
            <tns:OutputOperationName>get_AUTHOR</tns:OutputOperationName>
            <tns:InputOperationName>get_NOVEL_TAXEDPRICE</tns:InputOperationName>
            <tns:OpScore>1.0</tns:OpScore>
            <tns:MatchedElement>
                <tns:OutputElement>_AUTHOR</tns:OutputElement>
                <tns:InputElement>_AUTHOR</tns:InputElement>
                <tns:Score>1.0</tns:Score>
            </tns:MatchedElement>
        </tns:MatchedOperation>
        <tns:WsScore>1.0</tns:WsScore>
    </tns:Matching>
    <tns:Matching>
        <tns:OutputServiceName>AuthorService</tns:OutputServiceName>
        <tns:InputServiceName>AuthorNoveltaxfreepriceService</tns:InputServiceName>
        <tns:MatchedOperation>
            <tns:OutputOperationName>get_AUTHOR</tns:OutputOperationName>
            <tns:InputOperationName>get_NOVEL_TAXFREEPRICE</tns:InputOperationName>
            <tns:OpScore>1.0</tns:OpScore>
            <tns:MatchedElement>
                <tns:OutputElement>_AUTHOR</tns:OutputElement>
                <tns:InputElement>_AUTHOR</tns:InputElement>
                <tns:Score>1.0</tns:Score>
            </tns:MatchedElement>
        </tns:MatchedOperation>
        <tns:WsScore>1.0</tns:WsScore>
    </tns:Matching>
    <tns:Matching>
        <tns:OutputServiceName>AuthorService</tns:OutputServiceName>
        <tns:InputServiceName>AuthorPublicationmaxpriceService</tns:InputServiceName>
        <tns:MatchedOperation>
            <tns:OutputOperationName>get_AUTHOR</tns:OutputOperationName>
            <tns:InputOperationName>get_PUBLICATION_MAXPRICE</tns:InputOperationName>
            <tns:OpScore>1.0</tns:OpScore>
            <tns:MatchedElement>
                <tns:OutputElement>_AUTHOR</tns:OutputElement>
                <tns:InputElement>_AUTHOR</tns:InputElement>
                <tns:Score>1.0</tns:Score>
            </tns:MatchedElement>
        </tns:MatchedOperation>
        <tns:WsScore>1.0</tns:WsScore>
    </tns:Matching>
    <tns:Matching>
        <tns:OutputServiceName>AuthorService</tns:OutputServiceName>
        <tns:InputServiceName>AgentmovementService</tns:InputServiceName>
        <tns:MatchedOperation>
            <tns:OutputOperationName>get_AUTHOR</tns:OutputOperationName>
            <tns:InputOperationName>getFuturePosition</tns:InputOperationName>
            <tns:OpScore>0.6</tns:OpScore>
            <tns:MatchedElement>
                <tns:OutputElement>_AUTHOR</tns:OutputElement>
                <tns:InputElement>Agent</tns:InputElement>
                <tns:Score>0.6</tns:Score>
            </tns:MatchedElement>
        </tns:MatchedOperation>
        <tns:WsScore>0.6</tns:WsScore>
    </tns:Matching>
    <tns:Matching>
        <tns:OutputServiceName>AuthorService</tns:OutputServiceName>
        <tns:InputServiceName>AuthorBookmaxpriceService</tns:InputServiceName>
        <tns:MatchedOperation>
            <tns:OutputOperationName>get_AUTHOR</tns:OutputOperationName>
            <tns:InputOperationName>get_BOOK_MAXPRICE</tns:InputOperationName>
            <tns:OpScore>1.0</tns:OpScore>
            <tns:MatchedElement>
                <tns:OutputElement>_AUTHOR</tns:OutputElement>
                <tns:InputElement>_AUTHOR</tns:InputElement>
                <tns:Score>1.0</tns:Score>
            </tns:MatchedElement>
        </tns:MatchedOperation>
        <tns:WsScore>1.0</tns:WsScore>
    </tns:Matching>
    <tns:Matching>
        <tns:OutputServiceName>AuthorService</tns:OutputServiceName>
        <tns:InputServiceName>AuthorBookpriceService</tns:InputServiceName>
        <tns:MatchedOperation>
            <tns:OutputOperationName>get_AUTHOR</tns:OutputOperationName>
            <tns:InputOperationName>get_BOOK_PRICE</tns:InputOperationName>
            <tns:OpScore>1.0</tns:OpScore>
            <tns:MatchedElement>
                <tns:OutputElement>_AUTHOR</tns:OutputElement>
                <tns:InputElement>_AUTHOR</tns:InputElement>
                <tns:Score>1.0</tns:Score>
            </tns:MatchedElement>
        </tns:MatchedOperation>
        <tns:WsScore>1.0</tns:WsScore>
    </tns:Matching>
    <tns:Matching>
        <tns:OutputServiceName>AuthorService</tns:OutputServiceName>
        <tns:InputServiceName>AuthorBookrecommendedpriceService</tns:InputServiceName>
        <tns:MatchedOperation>
            <tns:OutputOperationName>get_AUTHOR</tns:OutputOperationName>
            <tns:InputOperationName>get_BOOK_RECOMMENDEDPRICE</tns:InputOperationName>
            <tns:OpScore>1.0</tns:OpScore>
            <tns:MatchedElement>
                <tns:OutputElement>_AUTHOR</tns:OutputElement>
                <tns:InputElement>_AUTHOR</tns:InputElement>
                <tns:Score>1.0</tns:Score>
            </tns:MatchedElement>
        </tns:MatchedOperation>
        <tns:WsScore>1.0</tns:WsScore>
    </tns:Matching>
    <tns:Matching>
        <tns:OutputServiceName>AuthorService</tns:OutputServiceName>
        <tns:InputServiceName>AuthorBooktaxedpriceService</tns:InputServiceName>
        <tns:MatchedOperation>
            <tns:OutputOperationName>get_AUTHOR</tns:OutputOperationName>
            <tns:InputOperationName>get_BOOK_TAXEDPRICE</tns:InputOperationName>
            <tns:OpScore>1.0</tns:OpScore>
            <tns:MatchedElement>
                <tns:OutputElement>_AUTHOR</tns:OutputElement>
                <tns:InputElement>_AUTHOR</tns:InputElement>
                <tns:Score>1.0</tns:Score>
            </tns:MatchedElement>
        </tns:MatchedOperation>
        <tns:WsScore>1.0</tns:WsScore>
    </tns:Matching>
    <tns:Matching>
        <tns:OutputServiceName>AuthorService</tns:OutputServiceName>
        <tns:InputServiceName>AuthorBooktaxfreepriceService</tns:InputServiceName>
        <tns:MatchedOperation>
            <tns:OutputOperationName>get_AUTHOR</tns:OutputOperationName>
            <tns:InputOperationName>get_BOOK_TAXFREEPRICE</tns:InputOperationName>
            <tns:OpScore>1.0</tns:OpScore>
            <tns:MatchedElement>
                <tns:OutputElement>_AUTHOR</tns:OutputElement>
                <tns:InputElement>_AUTHOR</tns:InputElement>
                <tns:Score>1.0</tns:Score>
            </tns:MatchedElement>
        </tns:MatchedOperation>
        <tns:WsScore>1.0</tns:WsScore>
    </tns:Matching>
    <tns:Matching>
        <tns:OutputServiceName>AuthorService</tns:OutputServiceName>
        <tns:InputServiceName>AuthorMonographmaxpriceService</tns:InputServiceName>
        <tns:MatchedOperation>
            <tns:OutputOperationName>get_AUTHOR</tns:OutputOperationName>
            <tns:InputOperationName>get_MONOGRAPH_MAXPRICE</tns:InputOperationName>
            <tns:OpScore>1.0</tns:OpScore>
            <tns:MatchedElement>
                <tns:OutputElement>_AUTHOR</tns:OutputElement>
                <tns:InputElement>_AUTHOR</tns:InputElement>
                <tns:Score>1.0</tns:Score>
            </tns:MatchedElement>
        </tns:MatchedOperation>
        <tns:WsScore>1.0</tns:WsScore>
    </tns:Matching>
    <tns:Matching>
        <tns:OutputServiceName>AuthorService</tns:OutputServiceName>
        <tns:InputServiceName>AuthorMonographpriceService</tns:InputServiceName>
        <tns:MatchedOperation>
            <tns:OutputOperationName>get_AUTHOR</tns:OutputOperationName>
            <tns:InputOperationName>get_MONOGRAPH_PRICE</tns:InputOperationName>
            <tns:OpScore>1.0</tns:OpScore>
            <tns:MatchedElement>
                <tns:OutputElement>_AUTHOR</tns:OutputElement>
                <tns:InputElement>_AUTHOR</tns:InputElement>
                <tns:Score>1.0</tns:Score>
            </tns:MatchedElement>
        </tns:MatchedOperation>
        <tns:WsScore>1.0</tns:WsScore>
    </tns:Matching>
    <tns:Matching>
        <tns:OutputServiceName>AuthorService</tns:OutputServiceName>
        <tns:InputServiceName>AuthorMonographrecommendedpriceService</tns:InputServiceName>
        <tns:MatchedOperation>
            <tns:OutputOperationName>get_AUTHOR</tns:OutputOperationName>
            <tns:InputOperationName>get_MONOGRAPH_RECOMMENDEDPRICE</tns:InputOperationName>
            <tns:OpScore>1.0</tns:OpScore>
            <tns:MatchedElement>
                <tns:OutputElement>_AUTHOR</tns:OutputElement>
                <tns:InputElement>_AUTHOR</tns:InputElement>
                <tns:Score>1.0</tns:Score>
            </tns:MatchedElement>
        </tns:MatchedOperation>
        <tns:WsScore>1.0</tns:WsScore>
    </tns:Matching>
    <tns:Matching>
        <tns:OutputServiceName>AuthorService</tns:OutputServiceName>
        <tns:InputServiceName>AuthorMonographtaxedpriceService</tns:InputServiceName>
        <tns:MatchedOperation>
            <tns:OutputOperationName>get_AUTHOR</tns:OutputOperationName>
            <tns:InputOperationName>get_MONOGRAPH_TAXEDPRICE</tns:InputOperationName>
            <tns:OpScore>1.0</tns:OpScore>
            <tns:MatchedElement>
                <tns:OutputElement>_AUTHOR</tns:OutputElement>
                <tns:InputElement>_AUTHOR</tns:InputElement>
                <tns:Score>1.0</tns:Score>
            </tns:MatchedElement>
        </tns:MatchedOperation>
        <tns:WsScore>1.0</tns:WsScore>
    </tns:Matching>
    <tns:Matching>
        <tns:OutputServiceName>AuthorService</tns:OutputServiceName>
        <tns:InputServiceName>AuthorMonographtaxfreepriceService</tns:InputServiceName>
        <tns:MatchedOperation>
            <tns:OutputOperationName>get_AUTHOR</tns:OutputOperationName>
            <tns:InputOperationName>get_MONOGRAPH_TAXFREEPRICE</tns:InputOperationName>
            <tns:OpScore>1.0</tns:OpScore>
            <tns:MatchedElement>
                <tns:OutputElement>_AUTHOR</tns:OutputElement>
                <tns:InputElement>_AUTHOR</tns:InputElement>
                <tns:Score>1.0</tns:Score>
            </tns:MatchedElement>
        </tns:MatchedOperation>
        <tns:WsScore>1.0</tns:WsScore>
    </tns:Matching>
    <tns:Matching>
        <tns:OutputServiceName>AuthorService</tns:OutputServiceName>
        <tns:InputServiceName>AuthorNovelmaxpriceService</tns:InputServiceName>
        <tns:MatchedOperation>
            <tns:OutputOperationName>get_AUTHOR</tns:OutputOperationName>
            <tns:InputOperationName>get_NOVEL_MAXPRICE</tns:InputOperationName>
            <tns:OpScore>1.0</tns:OpScore>
            <tns:MatchedElement>
                <tns:OutputElement>_AUTHOR</tns:OutputElement>
                <tns:InputElement>_AUTHOR</tns:InputElement>
                <tns:Score>1.0</tns:Score>
            </tns:MatchedElement>
        </tns:MatchedOperation>
        <tns:WsScore>1.0</tns:WsScore>
    </tns:Matching>
    <tns:Matching>
        <tns:OutputServiceName>AuthorService</tns:OutputServiceName>
        <tns:InputServiceName>AuthorNovelpriceService</tns:InputServiceName>
        <tns:MatchedOperation>
            <tns:OutputOperationName>get_AUTHOR</tns:OutputOperationName>
            <tns:InputOperationName>get_NOVEL_PRICE</tns:InputOperationName>
            <tns:OpScore>1.0</tns:OpScore>
            <tns:MatchedElement>
                <tns:OutputElement>_AUTHOR</tns:OutputElement>
                <tns:InputElement>_AUTHOR</tns:InputElement>
                <tns:Score>1.0</tns:Score>
            </tns:MatchedElement>
        </tns:MatchedOperation>
        <tns:WsScore>1.0</tns:WsScore>
    </tns:Matching>
    <tns:Matching>
        <tns:OutputServiceName>AuthorService</tns:OutputServiceName>
        <tns:InputServiceName>AuthorNovelrecommendedpriceService</tns:InputServiceName>
        <tns:MatchedOperation>
            <tns:OutputOperationName>get_AUTHOR</tns:OutputOperationName>
            <tns:InputOperationName>get_NOVEL_RECOMMENDEDPRICE</tns:InputOperationName>
            <tns:OpScore>1.0</tns:OpScore>
            <tns:MatchedElement>
                <tns:OutputElement>_AUTHOR</tns:OutputElement>
                <tns:InputElement>_AUTHOR</tns:InputElement>
                <tns:Score>1.0</tns:Score>
            </tns:MatchedElement>
        </tns:MatchedOperation>
        <tns:WsScore>1.0</tns:WsScore>
    </tns:Matching>
    <tns:Matching>
        <tns:OutputServiceName>AuthorService</tns:OutputServiceName>
        <tns:InputServiceName>AuthorNoveltaxedpriceService</tns:InputServiceName>
        <tns:MatchedOperation>
            <tns:OutputOperationName>get_AUTHOR</tns:OutputOperationName>
            <tns:InputOperationName>get_NOVEL_TAXEDPRICE</tns:InputOperationName>
            <tns:OpScore>1.0</tns:OpScore>
            <tns:MatchedElement>
                <tns:OutputElement>_AUTHOR</tns:OutputElement>
                <tns:InputElement>_AUTHOR</tns:InputElement>
                <tns:Score>1.0</tns:Score>
            </tns:MatchedElement>
        </tns:MatchedOperation>
        <tns:WsScore>1.0</tns:WsScore>
    </tns:Matching>
    <tns:Matching>
        <tns:OutputServiceName>AuthorService</tns:OutputServiceName>
        <tns:InputServiceName>AuthorNoveltaxfreepriceService</tns:InputServiceName>
        <tns:MatchedOperation>
            <tns:OutputOperationName>get_AUTHOR</tns:OutputOperationName>
            <tns:InputOperationName>get_NOVEL_TAXFREEPRICE</tns:InputOperationName>
            <tns:OpScore>1.0</tns:OpScore>
            <tns:MatchedElement>
                <tns:OutputElement>_AUTHOR</tns:OutputElement>
                <tns:InputElement>_AUTHOR</tns:InputElement>
                <tns:Score>1.0</tns:Score>
            </tns:MatchedElement>
        </tns:MatchedOperation>
        <tns:WsScore>1.0</tns:WsScore>
    </tns:Matching>
    <tns:Matching>
        <tns:OutputServiceName>AuthorService</tns:OutputServiceName>
        <tns:InputServiceName>AuthorPublicationmaxpriceService</tns:InputServiceName>
        <tns:MatchedOperation>
            <tns:OutputOperationName>get_AUTHOR</tns:OutputOperationName>
            <tns:InputOperationName>get_PUBLICATION_MAXPRICE</tns:InputOperationName>
            <tns:OpScore>1.0</tns:OpScore>
            <tns:MatchedElement>
                <tns:OutputElement>_AUTHOR</tns:OutputElement>
                <tns:InputElement>_AUTHOR</tns:InputElement>
                <tns:Score>1.0</tns:Score>
            </tns:MatchedElement>
        </tns:MatchedOperation>
        <tns:WsScore>1.0</tns:WsScore>
    </tns:Matching>
    <tns:Matching>
        <tns:OutputServiceName>BankeraddressService</tns:OutputServiceName>
        <tns:InputServiceName>Where2GetIt_Geospatial_API_Geocode</tns:InputServiceName>
        <tns:MatchedOperation>
            <tns:OutputOperationName>get_BANKER_ADDRESS</tns:OutputOperationName>
            <tns:InputOperationName>Where2GetIt_Geospatial_API_Geocode</tns:InputOperationName>
            <tns:OpScore>1.0</tns:OpScore>
            <tns:MatchedElement>
                <tns:OutputElement>_ADDRESS</tns:OutputElement>
                <tns:InputElement>addresses</tns:InputElement>
                <tns:Score>1.0</tns:Score>
            </tns:MatchedElement>
        </tns:MatchedOperation>
        <tns:WsScore>1.0</tns:WsScore>
    </tns:Matching>
    <tns:Matching>
        <tns:OutputServiceName>HotelService</tns:OutputServiceName>
        <tns:InputServiceName>AgentmovementService</tns:InputServiceName>
        <tns:MatchedOperation>
            <tns:OutputOperationName>get_HOTEL</tns:OutputOperationName>
            <tns:InputOperationName>getFuturePosition</tns:InputOperationName>
            <tns:OpScore>0.6</tns:OpScore>
            <tns:MatchedElement>
                <tns:OutputElement>_HOTEL</tns:OutputElement>
                <tns:InputElement>Agent</tns:InputElement>
                <tns:Score>0.6</tns:Score>
            </tns:MatchedElement>
        </tns:MatchedOperation>
        <tns:WsScore>0.6</tns:WsScore>
    </tns:Matching>
    <tns:Matching>
        <tns:OutputServiceName>PersonService</tns:OutputServiceName>
        <tns:InputServiceName>Where2GetIt_Geospatial_API_Geocode</tns:InputServiceName>
        <tns:MatchedOperation>
            <tns:OutputOperationName>get_PERSON</tns:OutputOperationName>
            <tns:InputOperationName>Where2GetIt_Geospatial_API_Geocode</tns:InputOperationName>
            <tns:OpScore>0.5</tns:OpScore>
            <tns:MatchedElement>
                <tns:OutputElement>_PERSON</tns:OutputElement>
                <tns:InputElement>addresses</tns:InputElement>
                <tns:Score>0.5</tns:Score>
            </tns:MatchedElement>
        </tns:MatchedOperation>
        <tns:WsScore>0.5</tns:WsScore>
    </tns:Matching>
    <tns:Matching>
        <tns:OutputServiceName>PersonService</tns:OutputServiceName>
        <tns:InputServiceName>AgentmovementService</tns:InputServiceName>
        <tns:MatchedOperation>
            <tns:OutputOperationName>get_PERSON</tns:OutputOperationName>
            <tns:InputOperationName>getFuturePosition</tns:InputOperationName>
            <tns:OpScore>0.6</tns:OpScore>
            <tns:MatchedElement>
                <tns:OutputElement>_PERSON</tns:OutputElement>
                <tns:InputElement>Agent</tns:InputElement>
                <tns:Score>0.6</tns:Score>
            </tns:MatchedElement>
        </tns:MatchedOperation>
        <tns:WsScore>0.6</tns:WsScore>
    </tns:Matching>
    <tns:Matching>
        <tns:OutputServiceName>PersonService</tns:OutputServiceName>
        <tns:InputServiceName>AuthorBookmaxpriceService</tns:InputServiceName>
        <tns:MatchedOperation>
            <tns:OutputOperationName>get_PERSON</tns:OutputOperationName>
            <tns:InputOperationName>get_BOOK_MAXPRICE</tns:InputOperationName>
            <tns:OpScore>0.8</tns:OpScore>
            <tns:MatchedElement>
                <tns:OutputElement>_PERSON</tns:OutputElement>
                <tns:InputElement>_AUTHOR</tns:InputElement>
                <tns:Score>0.8</tns:Score>
            </tns:MatchedElement>
        </tns:MatchedOperation>
        <tns:WsScore>0.8</tns:WsScore>
    </tns:Matching>
    <tns:Matching>
        <tns:OutputServiceName>PersonService</tns:OutputServiceName>
        <tns:InputServiceName>AuthorBookpriceService</tns:InputServiceName>
        <tns:MatchedOperation>
            <tns:OutputOperationName>get_PERSON</tns:OutputOperationName>
            <tns:InputOperationName>get_BOOK_PRICE</tns:InputOperationName>
            <tns:OpScore>0.8</tns:OpScore>
            <tns:MatchedElement>
                <tns:OutputElement>_PERSON</tns:OutputElement>
                <tns:InputElement>_AUTHOR</tns:InputElement>
                <tns:Score>0.8</tns:Score>
            </tns:MatchedElement>
        </tns:MatchedOperation>
        <tns:WsScore>0.8</tns:WsScore>
    </tns:Matching>
    <tns:Matching>
        <tns:OutputServiceName>PersonService</tns:OutputServiceName>
        <tns:InputServiceName>AuthorBookrecommendedpriceService</tns:InputServiceName>
        <tns:MatchedOperation>
            <tns:OutputOperationName>get_PERSON</tns:OutputOperationName>
            <tns:InputOperationName>get_BOOK_RECOMMENDEDPRICE</tns:InputOperationName>
            <tns:OpScore>0.8</tns:OpScore>
            <tns:MatchedElement>
                <tns:OutputElement>_PERSON</tns:OutputElement>
                <tns:InputElement>_AUTHOR</tns:InputElement>
                <tns:Score>0.8</tns:Score>
            </tns:MatchedElement>
        </tns:MatchedOperation>
        <tns:WsScore>0.8</tns:WsScore>
    </tns:Matching>
    <tns:Matching>
        <tns:OutputServiceName>PersonService</tns:OutputServiceName>
        <tns:InputServiceName>AuthorBooktaxedpriceService</tns:InputServiceName>
        <tns:MatchedOperation>
            <tns:OutputOperationName>get_PERSON</tns:OutputOperationName>
            <tns:InputOperationName>get_BOOK_TAXEDPRICE</tns:InputOperationName>
            <tns:OpScore>0.8</tns:OpScore>
            <tns:MatchedElement>
                <tns:OutputElement>_PERSON</tns:OutputElement>
                <tns:InputElement>_AUTHOR</tns:InputElement>
                <tns:Score>0.8</tns:Score>
            </tns:MatchedElement>
        </tns:MatchedOperation>
        <tns:WsScore>0.8</tns:WsScore>
    </tns:Matching>
    <tns:Matching>
        <tns:OutputServiceName>PersonService</tns:OutputServiceName>
        <tns:InputServiceName>AuthorBooktaxfreepriceService</tns:InputServiceName>
        <tns:MatchedOperation>
            <tns:OutputOperationName>get_PERSON</tns:OutputOperationName>
            <tns:InputOperationName>get_BOOK_TAXFREEPRICE</tns:InputOperationName>
            <tns:OpScore>0.8</tns:OpScore>
            <tns:MatchedElement>
                <tns:OutputElement>_PERSON</tns:OutputElement>
                <tns:InputElement>_AUTHOR</tns:InputElement>
                <tns:Score>0.8</tns:Score>
            </tns:MatchedElement>
        </tns:MatchedOperation>
        <tns:WsScore>0.8</tns:WsScore>
    </tns:Matching>
    <tns:Matching>
        <tns:OutputServiceName>PersonService</tns:OutputServiceName>
        <tns:InputServiceName>AuthorMonographmaxpriceService</tns:InputServiceName>
        <tns:MatchedOperation>
            <tns:OutputOperationName>get_PERSON</tns:OutputOperationName>
            <tns:InputOperationName>get_MONOGRAPH_MAXPRICE</tns:InputOperationName>
            <tns:OpScore>0.8</tns:OpScore>
            <tns:MatchedElement>
                <tns:OutputElement>_PERSON</tns:OutputElement>
                <tns:InputElement>_AUTHOR</tns:InputElement>
                <tns:Score>0.8</tns:Score>
            </tns:MatchedElement>
        </tns:MatchedOperation>
        <tns:WsScore>0.8</tns:WsScore>
    </tns:Matching>
    <tns:Matching>
        <tns:OutputServiceName>PersonService</tns:OutputServiceName>
        <tns:InputServiceName>AuthorMonographpriceService</tns:InputServiceName>
        <tns:MatchedOperation>
            <tns:OutputOperationName>get_PERSON</tns:OutputOperationName>
            <tns:InputOperationName>get_MONOGRAPH_PRICE</tns:InputOperationName>
            <tns:OpScore>0.8</tns:OpScore>
            <tns:MatchedElement>
                <tns:OutputElement>_PERSON</tns:OutputElement>
                <tns:InputElement>_AUTHOR</tns:InputElement>
                <tns:Score>0.8</tns:Score>
            </tns:MatchedElement>
        </tns:MatchedOperation>
        <tns:WsScore>0.8</tns:WsScore>
    </tns:Matching>
    <tns:Matching>
        <tns:OutputServiceName>PersonService</tns:OutputServiceName>
        <tns:InputServiceName>AuthorMonographrecommendedpriceService</tns:InputServiceName>
        <tns:MatchedOperation>
            <tns:OutputOperationName>get_PERSON</tns:OutputOperationName>
            <tns:InputOperationName>get_MONOGRAPH_RECOMMENDEDPRICE</tns:InputOperationName>
            <tns:OpScore>0.8</tns:OpScore>
            <tns:MatchedElement>
                <tns:OutputElement>_PERSON</tns:OutputElement>
                <tns:InputElement>_AUTHOR</tns:InputElement>
                <tns:Score>0.8</tns:Score>
            </tns:MatchedElement>
        </tns:MatchedOperation>
        <tns:WsScore>0.8</tns:WsScore>
    </tns:Matching>
    <tns:Matching>
        <tns:OutputServiceName>PersonService</tns:OutputServiceName>
        <tns:InputServiceName>AuthorMonographtaxedpriceService</tns:InputServiceName>
        <tns:MatchedOperation>
            <tns:OutputOperationName>get_PERSON</tns:OutputOperationName>
            <tns:InputOperationName>get_MONOGRAPH_TAXEDPRICE</tns:InputOperationName>
            <tns:OpScore>0.8</tns:OpScore>
            <tns:MatchedElement>
                <tns:OutputElement>_PERSON</tns:OutputElement>
                <tns:InputElement>_AUTHOR</tns:InputElement>
                <tns:Score>0.8</tns:Score>
            </tns:MatchedElement>
        </tns:MatchedOperation>
        <tns:WsScore>0.8</tns:WsScore>
    </tns:Matching>
    <tns:Matching>
        <tns:OutputServiceName>PersonService</tns:OutputServiceName>
        <tns:InputServiceName>AuthorMonographtaxfreepriceService</tns:InputServiceName>
        <tns:MatchedOperation>
            <tns:OutputOperationName>get_PERSON</tns:OutputOperationName>
            <tns:InputOperationName>get_MONOGRAPH_TAXFREEPRICE</tns:InputOperationName>
            <tns:OpScore>0.8</tns:OpScore>
            <tns:MatchedElement>
                <tns:OutputElement>_PERSON</tns:OutputElement>
                <tns:InputElement>_AUTHOR</tns:InputElement>
                <tns:Score>0.8</tns:Score>
            </tns:MatchedElement>
        </tns:MatchedOperation>
        <tns:WsScore>0.8</tns:WsScore>
    </tns:Matching>
    <tns:Matching>
        <tns:OutputServiceName>PersonService</tns:OutputServiceName>
        <tns:InputServiceName>AuthorNovelmaxpriceService</tns:InputServiceName>
        <tns:MatchedOperation>
            <tns:OutputOperationName>get_PERSON</tns:OutputOperationName>
            <tns:InputOperationName>get_NOVEL_MAXPRICE</tns:InputOperationName>
            <tns:OpScore>0.8</tns:OpScore>
            <tns:MatchedElement>
                <tns:OutputElement>_PERSON</tns:OutputElement>
                <tns:InputElement>_AUTHOR</tns:InputElement>
                <tns:Score>0.8</tns:Score>
            </tns:MatchedElement>
        </tns:MatchedOperation>
        <tns:WsScore>0.8</tns:WsScore>
    </tns:Matching>
    <tns:Matching>
        <tns:OutputServiceName>PersonService</tns:OutputServiceName>
        <tns:InputServiceName>AuthorNovelpriceService</tns:InputServiceName>
        <tns:MatchedOperation>
            <tns:OutputOperationName>get_PERSON</tns:OutputOperationName>
            <tns:InputOperationName>get_NOVEL_PRICE</tns:InputOperationName>
            <tns:OpScore>0.8</tns:OpScore>
            <tns:MatchedElement>
                <tns:OutputElement>_PERSON</tns:OutputElement>
                <tns:InputElement>_AUTHOR</tns:InputElement>
                <tns:Score>0.8</tns:Score>
            </tns:MatchedElement>
        </tns:MatchedOperation>
        <tns:WsScore>0.8</tns:WsScore>
    </tns:Matching>
    <tns:Matching>
        <tns:OutputServiceName>PersonService</tns:OutputServiceName>
        <tns:InputServiceName>AuthorNovelrecommendedpriceService</tns:InputServiceName>
        <tns:MatchedOperation>
            <tns:OutputOperationName>get_PERSON</tns:OutputOperationName>
            <tns:InputOperationName>get_NOVEL_RECOMMENDEDPRICE</tns:InputOperationName>
            <tns:OpScore>0.8</tns:OpScore>
            <tns:MatchedElement>
                <tns:OutputElement>_PERSON</tns:OutputElement>
                <tns:InputElement>_AUTHOR</tns:InputElement>
                <tns:Score>0.8</tns:Score>
            </tns:MatchedElement>
        </tns:MatchedOperation>
        <tns:WsScore>0.8</tns:WsScore>
    </tns:Matching>
    <tns:Matching>
        <tns:OutputServiceName>PersonService</tns:OutputServiceName>
        <tns:InputServiceName>AuthorNoveltaxedpriceService</tns:InputServiceName>
        <tns:MatchedOperation>
            <tns:OutputOperationName>get_PERSON</tns:OutputOperationName>
            <tns:InputOperationName>get_NOVEL_TAXEDPRICE</tns:InputOperationName>
            <tns:OpScore>0.8</tns:OpScore>
            <tns:MatchedElement>
                <tns:OutputElement>_PERSON</tns:OutputElement>
                <tns:InputElement>_AUTHOR</tns:InputElement>
                <tns:Score>0.8</tns:Score>
            </tns:MatchedElement>
        </tns:MatchedOperation>
        <tns:WsScore>0.8</tns:WsScore>
    </tns:Matching>
    <tns:Matching>
        <tns:OutputServiceName>PersonService</tns:OutputServiceName>
        <tns:InputServiceName>AuthorNoveltaxfreepriceService</tns:InputServiceName>
        <tns:MatchedOperation>
            <tns:OutputOperationName>get_PERSON</tns:OutputOperationName>
            <tns:InputOperationName>get_NOVEL_TAXFREEPRICE</tns:InputOperationName>
            <tns:OpScore>0.8</tns:OpScore>
            <tns:MatchedElement>
                <tns:OutputElement>_PERSON</tns:OutputElement>
                <tns:InputElement>_AUTHOR</tns:InputElement>
                <tns:Score>0.8</tns:Score>
            </tns:MatchedElement>
        </tns:MatchedOperation>
        <tns:WsScore>0.8</tns:WsScore>
    </tns:Matching>
    <tns:Matching>
        <tns:OutputServiceName>PersonService</tns:OutputServiceName>
        <tns:InputServiceName>AuthorPublicationmaxpriceService</tns:InputServiceName>
        <tns:MatchedOperation>
            <tns:OutputOperationName>get_PERSON</tns:OutputOperationName>
            <tns:InputOperationName>get_PUBLICATION_MAXPRICE</tns:InputOperationName>
            <tns:OpScore>0.8</tns:OpScore>
            <tns:MatchedElement>
                <tns:OutputElement>_PERSON</tns:OutputElement>
                <tns:InputElement>_AUTHOR</tns:InputElement>
                <tns:Score>0.8</tns:Score>
            </tns:MatchedElement>
        </tns:MatchedOperation>
        <tns:WsScore>0.8</tns:WsScore>
    </tns:Matching>
    <tns:Matching>
        <tns:OutputServiceName>Academic-item-numberBookauthorService</tns:OutputServiceName>
        <tns:InputServiceName>AgentmovementService</tns:InputServiceName>
        <tns:MatchedOperation>
            <tns:OutputOperationName>get_BOOK_AUTHOR</tns:OutputOperationName>
            <tns:InputOperationName>getFuturePosition</tns:InputOperationName>
            <tns:OpScore>0.6</tns:OpScore>
            <tns:MatchedElement>
                <tns:OutputElement>_AUTHOR</tns:OutputElement>
                <tns:InputElement>Agent</tns:InputElement>
                <tns:Score>0.6</tns:Score>
            </tns:MatchedElement>
        </tns:MatchedOperation>
        <tns:WsScore>0.6</tns:WsScore>
    </tns:Matching>
    <tns:Matching>
        <tns:OutputServiceName>Academic-item-numberBookauthorService</tns:OutputServiceName>
        <tns:InputServiceName>AuthorBookmaxpriceService</tns:InputServiceName>
        <tns:MatchedOperation>
            <tns:OutputOperationName>get_BOOK_AUTHOR</tns:OutputOperationName>
            <tns:InputOperationName>get_BOOK_MAXPRICE</tns:InputOperationName>
            <tns:OpScore>1.0</tns:OpScore>
            <tns:MatchedElement>
                <tns:OutputElement>_AUTHOR</tns:OutputElement>
                <tns:InputElement>_AUTHOR</tns:InputElement>
                <tns:Score>1.0</tns:Score>
            </tns:MatchedElement>
        </tns:MatchedOperation>
        <tns:WsScore>1.0</tns:WsScore>
    </tns:Matching>
    <tns:Matching>
        <tns:OutputServiceName>Academic-item-numberBookauthorService</tns:OutputServiceName>
        <tns:InputServiceName>AuthorBookpriceService</tns:InputServiceName>
        <tns:MatchedOperation>
            <tns:OutputOperationName>get_BOOK_AUTHOR</tns:OutputOperationName>
            <tns:InputOperationName>get_BOOK_PRICE</tns:InputOperationName>
            <tns:OpScore>1.0</tns:OpScore>
            <tns:MatchedElement>
                <tns:OutputElement>_AUTHOR</tns:OutputElement>
                <tns:InputElement>_AUTHOR</tns:InputElement>
                <tns:Score>1.0</tns:Score>
            </tns:MatchedElement>
        </tns:MatchedOperation>
        <tns:WsScore>1.0</tns:WsScore>
    </tns:Matching>
    <tns:Matching>
        <tns:OutputServiceName>Academic-item-numberBookauthorService</tns:OutputServiceName>
        <tns:InputServiceName>AuthorBookrecommendedpriceService</tns:InputServiceName>
        <tns:MatchedOperation>
            <tns:OutputOperationName>get_BOOK_AUTHOR</tns:OutputOperationName>
            <tns:InputOperationName>get_BOOK_RECOMMENDEDPRICE</tns:InputOperationName>
            <tns:OpScore>1.0</tns:OpScore>
            <tns:MatchedElement>
                <tns:OutputElement>_AUTHOR</tns:OutputElement>
                <tns:InputElement>_AUTHOR</tns:InputElement>
                <tns:Score>1.0</tns:Score>
            </tns:MatchedElement>
        </tns:MatchedOperation>
        <tns:WsScore>1.0</tns:WsScore>
    </tns:Matching>
    <tns:Matching>
        <tns:OutputServiceName>Academic-item-numberBookauthorService</tns:OutputServiceName>
        <tns:InputServiceName>AuthorBooktaxedpriceService</tns:InputServiceName>
        <tns:MatchedOperation>
            <tns:OutputOperationName>get_BOOK_AUTHOR</tns:OutputOperationName>
            <tns:InputOperationName>get_BOOK_TAXEDPRICE</tns:InputOperationName>
            <tns:OpScore>1.0</tns:OpScore>
            <tns:MatchedElement>
                <tns:OutputElement>_AUTHOR</tns:OutputElement>
                <tns:InputElement>_AUTHOR</tns:InputElement>
                <tns:Score>1.0</tns:Score>
            </tns:MatchedElement>
        </tns:MatchedOperation>
        <tns:WsScore>1.0</tns:WsScore>
    </tns:Matching>
    <tns:Matching>
        <tns:OutputServiceName>Academic-item-numberBookauthorService</tns:OutputServiceName>
        <tns:InputServiceName>AuthorBooktaxfreepriceService</tns:InputServiceName>
        <tns:MatchedOperation>
            <tns:OutputOperationName>get_BOOK_AUTHOR</tns:OutputOperationName>
            <tns:InputOperationName>get_BOOK_TAXFREEPRICE</tns:InputOperationName>
            <tns:OpScore>1.0</tns:OpScore>
            <tns:MatchedElement>
                <tns:OutputElement>_AUTHOR</tns:OutputElement>
                <tns:InputElement>_AUTHOR</tns:InputElement>
                <tns:Score>1.0</tns:Score>
            </tns:MatchedElement>
        </tns:MatchedOperation>
        <tns:WsScore>1.0</tns:WsScore>
    </tns:Matching>
    <tns:Matching>
        <tns:OutputServiceName>Academic-item-numberBookauthorService</tns:OutputServiceName>
        <tns:InputServiceName>AuthorMonographmaxpriceService</tns:InputServiceName>
        <tns:MatchedOperation>
            <tns:OutputOperationName>get_BOOK_AUTHOR</tns:OutputOperationName>
            <tns:InputOperationName>get_MONOGRAPH_MAXPRICE</tns:InputOperationName>
            <tns:OpScore>1.0</tns:OpScore>
            <tns:MatchedElement>
                <tns:OutputElement>_AUTHOR</tns:OutputElement>
                <tns:InputElement>_AUTHOR</tns:InputElement>
                <tns:Score>1.0</tns:Score>
            </tns:MatchedElement>
        </tns:MatchedOperation>
        <tns:WsScore>1.0</tns:WsScore>
    </tns:Matching>
    <tns:Matching>
        <tns:OutputServiceName>Academic-item-numberBookauthorService</tns:OutputServiceName>
        <tns:InputServiceName>AuthorMonographpriceService</tns:InputServiceName>
        <tns:MatchedOperation>
            <tns:OutputOperationName>get_BOOK_AUTHOR</tns:OutputOperationName>
            <tns:InputOperationName>get_MONOGRAPH_PRICE</tns:InputOperationName>
            <tns:OpScore>1.0</tns:OpScore>
            <tns:MatchedElement>
                <tns:OutputElement>_AUTHOR</tns:OutputElement>
                <tns:InputElement>_AUTHOR</tns:InputElement>
                <tns:Score>1.0</tns:Score>
            </tns:MatchedElement>
        </tns:MatchedOperation>
        <tns:WsScore>1.0</tns:WsScore>
    </tns:Matching>
    <tns:Matching>
        <tns:OutputServiceName>Academic-item-numberBookauthorService</tns:OutputServiceName>
        <tns:InputServiceName>AuthorMonographrecommendedpriceService</tns:InputServiceName>
        <tns:MatchedOperation>
            <tns:OutputOperationName>get_BOOK_AUTHOR</tns:OutputOperationName>
            <tns:InputOperationName>get_MONOGRAPH_RECOMMENDEDPRICE</tns:InputOperationName>
            <tns:OpScore>1.0</tns:OpScore>
            <tns:MatchedElement>
                <tns:OutputElement>_AUTHOR</tns:OutputElement>
                <tns:InputElement>_AUTHOR</tns:InputElement>
                <tns:Score>1.0</tns:Score>
            </tns:MatchedElement>
        </tns:MatchedOperation>
        <tns:WsScore>1.0</tns:WsScore>
    </tns:Matching>
    <tns:Matching>
        <tns:OutputServiceName>Academic-item-numberBookauthorService</tns:OutputServiceName>
        <tns:InputServiceName>AuthorMonographtaxedpriceService</tns:InputServiceName>
        <tns:MatchedOperation>
            <tns:OutputOperationName>get_BOOK_AUTHOR</tns:OutputOperationName>
            <tns:InputOperationName>get_MONOGRAPH_TAXEDPRICE</tns:InputOperationName>
            <tns:OpScore>1.0</tns:OpScore>
            <tns:MatchedElement>
                <tns:OutputElement>_AUTHOR</tns:OutputElement>
                <tns:InputElement>_AUTHOR</tns:InputElement>
                <tns:Score>1.0</tns:Score>
            </tns:MatchedElement>
        </tns:MatchedOperation>
        <tns:WsScore>1.0</tns:WsScore>
    </tns:Matching>
    <tns:Matching>
        <tns:OutputServiceName>Academic-item-numberBookauthorService</tns:OutputServiceName>
        <tns:InputServiceName>AuthorMonographtaxfreepriceService</tns:InputServiceName>
        <tns:MatchedOperation>
            <tns:OutputOperationName>get_BOOK_AUTHOR</tns:OutputOperationName>
            <tns:InputOperationName>get_MONOGRAPH_TAXFREEPRICE</tns:InputOperationName>
            <tns:OpScore>1.0</tns:OpScore>
            <tns:MatchedElement>
                <tns:OutputElement>_AUTHOR</tns:OutputElement>
                <tns:InputElement>_AUTHOR</tns:InputElement>
                <tns:Score>1.0</tns:Score>
            </tns:MatchedElement>
        </tns:MatchedOperation>
        <tns:WsScore>1.0</tns:WsScore>
    </tns:Matching>
    <tns:Matching>
        <tns:OutputServiceName>Academic-item-numberBookauthorService</tns:OutputServiceName>
        <tns:InputServiceName>AuthorNovelmaxpriceService</tns:InputServiceName>
        <tns:MatchedOperation>
            <tns:OutputOperationName>get_BOOK_AUTHOR</tns:OutputOperationName>
            <tns:InputOperationName>get_NOVEL_MAXPRICE</tns:InputOperationName>
            <tns:OpScore>1.0</tns:OpScore>
            <tns:MatchedElement>
                <tns:OutputElement>_AUTHOR</tns:OutputElement>
                <tns:InputElement>_AUTHOR</tns:InputElement>
                <tns:Score>1.0</tns:Score>
            </tns:MatchedElement>
        </tns:MatchedOperation>
        <tns:WsScore>1.0</tns:WsScore>
    </tns:Matching>
    <tns:Matching>
        <tns:OutputServiceName>Academic-item-numberBookauthorService</tns:OutputServiceName>
        <tns:InputServiceName>AuthorNovelpriceService</tns:InputServiceName>
        <tns:MatchedOperation>
            <tns:OutputOperationName>get_BOOK_AUTHOR</tns:OutputOperationName>
            <tns:InputOperationName>get_NOVEL_PRICE</tns:InputOperationName>
            <tns:OpScore>1.0</tns:OpScore>
            <tns:MatchedElement>
                <tns:OutputElement>_AUTHOR</tns:OutputElement>
                <tns:InputElement>_AUTHOR</tns:InputElement>
                <tns:Score>1.0</tns:Score>
            </tns:MatchedElement>
        </tns:MatchedOperation>
        <tns:WsScore>1.0</tns:WsScore>
    </tns:Matching>
    <tns:Matching>
        <tns:OutputServiceName>Academic-item-numberBookauthorService</tns:OutputServiceName>
        <tns:InputServiceName>AuthorNovelrecommendedpriceService</tns:InputServiceName>
        <tns:MatchedOperation>
            <tns:OutputOperationName>get_BOOK_AUTHOR</tns:OutputOperationName>
            <tns:InputOperationName>get_NOVEL_RECOMMENDEDPRICE</tns:InputOperationName>
            <tns:OpScore>1.0</tns:OpScore>
            <tns:MatchedElement>
                <tns:OutputElement>_AUTHOR</tns:OutputElement>
                <tns:InputElement>_AUTHOR</tns:InputElement>
                <tns:Score>1.0</tns:Score>
            </tns:MatchedElement>
        </tns:MatchedOperation>
        <tns:WsScore>1.0</tns:WsScore>
    </tns:Matching>
    <tns:Matching>
        <tns:OutputServiceName>Academic-item-numberBookauthorService</tns:OutputServiceName>
        <tns:InputServiceName>AuthorNoveltaxedpriceService</tns:InputServiceName>
        <tns:MatchedOperation>
            <tns:OutputOperationName>get_BOOK_AUTHOR</tns:OutputOperationName>
            <tns:InputOperationName>get_NOVEL_TAXEDPRICE</tns:InputOperationName>
            <tns:OpScore>1.0</tns:OpScore>
            <tns:MatchedElement>
                <tns:OutputElement>_AUTHOR</tns:OutputElement>
                <tns:InputElement>_AUTHOR</tns:InputElement>
                <tns:Score>1.0</tns:Score>
            </tns:MatchedElement>
        </tns:MatchedOperation>
        <tns:WsScore>1.0</tns:WsScore>
    </tns:Matching>
    <tns:Matching>
        <tns:OutputServiceName>Academic-item-numberBookauthorService</tns:OutputServiceName>
        <tns:InputServiceName>AuthorNoveltaxfreepriceService</tns:InputServiceName>
        <tns:MatchedOperation>
            <tns:OutputOperationName>get_BOOK_AUTHOR</tns:OutputOperationName>
            <tns:InputOperationName>get_NOVEL_TAXFREEPRICE</tns:InputOperationName>
            <tns:OpScore>1.0</tns:OpScore>
            <tns:MatchedElement>
                <tns:OutputElement>_AUTHOR</tns:OutputElement>
                <tns:InputElement>_AUTHOR</tns:InputElement>
                <tns:Score>1.0</tns:Score>
            </tns:MatchedElement>
        </tns:MatchedOperation>
        <tns:WsScore>1.0</tns:WsScore>
    </tns:Matching>
    <tns:Matching>
        <tns:OutputServiceName>Academic-item-numberBookauthorService</tns:OutputServiceName>
        <tns:InputServiceName>AuthorPublicationmaxpriceService</tns:InputServiceName>
        <tns:MatchedOperation>
            <tns:OutputOperationName>get_BOOK_AUTHOR</tns:OutputOperationName>
            <tns:InputOperationName>get_PUBLICATION_MAXPRICE</tns:InputOperationName>
            <tns:OpScore>1.0</tns:OpScore>
            <tns:MatchedElement>
                <tns:OutputElement>_AUTHOR</tns:OutputElement>
                <tns:InputElement>_AUTHOR</tns:InputElement>
                <tns:Score>1.0</tns:Score>
            </tns:MatchedElement>
        </tns:MatchedOperation>
        <tns:WsScore>1.0</tns:WsScore>
    </tns:Matching>
    <tns:Matching>
        <tns:OutputServiceName>Academic-item-numberPublicationauthorService</tns:OutputServiceName>
        <tns:InputServiceName>AgentmovementService</tns:InputServiceName>
        <tns:MatchedOperation>
            <tns:OutputOperationName>get_PUBLICATION_AUTHOR</tns:OutputOperationName>
            <tns:InputOperationName>getFuturePosition</tns:InputOperationName>
            <tns:OpScore>0.6</tns:OpScore>
            <tns:MatchedElement>
                <tns:OutputElement>_AUTHOR</tns:OutputElement>
                <tns:InputElement>Agent</tns:InputElement>
                <tns:Score>0.6</tns:Score>
            </tns:MatchedElement>
        </tns:MatchedOperation>
        <tns:WsScore>0.6</tns:WsScore>
    </tns:Matching>
    <tns:Matching>
        <tns:OutputServiceName>Academic-item-numberPublicationauthorService</tns:OutputServiceName>
        <tns:InputServiceName>AuthorBookmaxpriceService</tns:InputServiceName>
        <tns:MatchedOperation>
            <tns:OutputOperationName>get_PUBLICATION_AUTHOR</tns:OutputOperationName>
            <tns:InputOperationName>get_BOOK_MAXPRICE</tns:InputOperationName>
            <tns:OpScore>1.0</tns:OpScore>
            <tns:MatchedElement>
                <tns:OutputElement>_AUTHOR</tns:OutputElement>
                <tns:InputElement>_AUTHOR</tns:InputElement>
                <tns:Score>1.0</tns:Score>
            </tns:MatchedElement>
        </tns:MatchedOperation>
        <tns:WsScore>1.0</tns:WsScore>
    </tns:Matching>
    <tns:Matching>
        <tns:OutputServiceName>Academic-item-numberPublicationauthorService</tns:OutputServiceName>
        <tns:InputServiceName>AuthorBookpriceService</tns:InputServiceName>
        <tns:MatchedOperation>
            <tns:OutputOperationName>get_PUBLICATION_AUTHOR</tns:OutputOperationName>
            <tns:InputOperationName>get_BOOK_PRICE</tns:InputOperationName>
            <tns:OpScore>1.0</tns:OpScore>
            <tns:MatchedElement>
                <tns:OutputElement>_AUTHOR</tns:OutputElement>
                <tns:InputElement>_AUTHOR</tns:InputElement>
                <tns:Score>1.0</tns:Score>
            </tns:MatchedElement>
        </tns:MatchedOperation>
        <tns:WsScore>1.0</tns:WsScore>
    </tns:Matching>
    <tns:Matching>
        <tns:OutputServiceName>Academic-item-numberPublicationauthorService</tns:OutputServiceName>
        <tns:InputServiceName>AuthorBookrecommendedpriceService</tns:InputServiceName>
        <tns:MatchedOperation>
            <tns:OutputOperationName>get_PUBLICATION_AUTHOR</tns:OutputOperationName>
            <tns:InputOperationName>get_BOOK_RECOMMENDEDPRICE</tns:InputOperationName>
            <tns:OpScore>1.0</tns:OpScore>
            <tns:MatchedElement>
                <tns:OutputElement>_AUTHOR</tns:OutputElement>
                <tns:InputElement>_AUTHOR</tns:InputElement>
                <tns:Score>1.0</tns:Score>
            </tns:MatchedElement>
        </tns:MatchedOperation>
        <tns:WsScore>1.0</tns:WsScore>
    </tns:Matching>
    <tns:Matching>
        <tns:OutputServiceName>Academic-item-numberPublicationauthorService</tns:OutputServiceName>
        <tns:InputServiceName>AuthorBooktaxedpriceService</tns:InputServiceName>
        <tns:MatchedOperation>
            <tns:OutputOperationName>get_PUBLICATION_AUTHOR</tns:OutputOperationName>
            <tns:InputOperationName>get_BOOK_TAXEDPRICE</tns:InputOperationName>
            <tns:OpScore>1.0</tns:OpScore>
            <tns:MatchedElement>
                <tns:OutputElement>_AUTHOR</tns:OutputElement>
                <tns:InputElement>_AUTHOR</tns:InputElement>
                <tns:Score>1.0</tns:Score>
            </tns:MatchedElement>
        </tns:MatchedOperation>
        <tns:WsScore>1.0</tns:WsScore>
    </tns:Matching>
    <tns:Matching>
        <tns:OutputServiceName>Academic-item-numberPublicationauthorService</tns:OutputServiceName>
        <tns:InputServiceName>AuthorBooktaxfreepriceService</tns:InputServiceName>
        <tns:MatchedOperation>
            <tns:OutputOperationName>get_PUBLICATION_AUTHOR</tns:OutputOperationName>
            <tns:InputOperationName>get_BOOK_TAXFREEPRICE</tns:InputOperationName>
            <tns:OpScore>1.0</tns:OpScore>
            <tns:MatchedElement>
                <tns:OutputElement>_AUTHOR</tns:OutputElement>
                <tns:InputElement>_AUTHOR</tns:InputElement>
                <tns:Score>1.0</tns:Score>
            </tns:MatchedElement>
        </tns:MatchedOperation>
        <tns:WsScore>1.0</tns:WsScore>
    </tns:Matching>
    <tns:Matching>
        <tns:OutputServiceName>Academic-item-numberPublicationauthorService</tns:OutputServiceName>
        <tns:InputServiceName>AuthorMonographmaxpriceService</tns:InputServiceName>
        <tns:MatchedOperation>
            <tns:OutputOperationName>get_PUBLICATION_AUTHOR</tns:OutputOperationName>
            <tns:InputOperationName>get_MONOGRAPH_MAXPRICE</tns:InputOperationName>
            <tns:OpScore>1.0</tns:OpScore>
            <tns:MatchedElement>
                <tns:OutputElement>_AUTHOR</tns:OutputElement>
                <tns:InputElement>_AUTHOR</tns:InputElement>
                <tns:Score>1.0</tns:Score>
            </tns:MatchedElement>
        </tns:MatchedOperation>
        <tns:WsScore>1.0</tns:WsScore>
    </tns:Matching>
    <tns:Matching>
        <tns:OutputServiceName>Academic-item-numberPublicationauthorService</tns:OutputServiceName>
        <tns:InputServiceName>AuthorMonographpriceService</tns:InputServiceName>
        <tns:MatchedOperation>
            <tns:OutputOperationName>get_PUBLICATION_AUTHOR</tns:OutputOperationName>
            <tns:InputOperationName>get_MONOGRAPH_PRICE</tns:InputOperationName>
            <tns:OpScore>1.0</tns:OpScore>
            <tns:MatchedElement>
                <tns:OutputElement>_AUTHOR</tns:OutputElement>
                <tns:InputElement>_AUTHOR</tns:InputElement>
                <tns:Score>1.0</tns:Score>
            </tns:MatchedElement>
        </tns:MatchedOperation>
        <tns:WsScore>1.0</tns:WsScore>
    </tns:Matching>
    <tns:Matching>
        <tns:OutputServiceName>Academic-item-numberPublicationauthorService</tns:OutputServiceName>
        <tns:InputServiceName>AuthorMonographrecommendedpriceService</tns:InputServiceName>
        <tns:MatchedOperation>
            <tns:OutputOperationName>get_PUBLICATION_AUTHOR</tns:OutputOperationName>
            <tns:InputOperationName>get_MONOGRAPH_RECOMMENDEDPRICE</tns:InputOperationName>
            <tns:OpScore>1.0</tns:OpScore>
            <tns:MatchedElement>
                <tns:OutputElement>_AUTHOR</tns:OutputElement>
                <tns:InputElement>_AUTHOR</tns:InputElement>
                <tns:Score>1.0</tns:Score>
            </tns:MatchedElement>
        </tns:MatchedOperation>
        <tns:WsScore>1.0</tns:WsScore>
    </tns:Matching>
    <tns:Matching>
        <tns:OutputServiceName>Academic-item-numberPublicationauthorService</tns:OutputServiceName>
        <tns:InputServiceName>AuthorMonographtaxedpriceService</tns:InputServiceName>
        <tns:MatchedOperation>
            <tns:OutputOperationName>get_PUBLICATION_AUTHOR</tns:OutputOperationName>
            <tns:InputOperationName>get_MONOGRAPH_TAXEDPRICE</tns:InputOperationName>
            <tns:OpScore>1.0</tns:OpScore>
            <tns:MatchedElement>
                <tns:OutputElement>_AUTHOR</tns:OutputElement>
                <tns:InputElement>_AUTHOR</tns:InputElement>
                <tns:Score>1.0</tns:Score>
            </tns:MatchedElement>
        </tns:MatchedOperation>
        <tns:WsScore>1.0</tns:WsScore>
    </tns:Matching>
    <tns:Matching>
        <tns:OutputServiceName>Academic-item-numberPublicationauthorService</tns:OutputServiceName>
        <tns:InputServiceName>AuthorMonographtaxfreepriceService</tns:InputServiceName>
        <tns:MatchedOperation>
            <tns:OutputOperationName>get_PUBLICATION_AUTHOR</tns:OutputOperationName>
            <tns:InputOperationName>get_MONOGRAPH_TAXFREEPRICE</tns:InputOperationName>
            <tns:OpScore>1.0</tns:OpScore>
            <tns:MatchedElement>
                <tns:OutputElement>_AUTHOR</tns:OutputElement>
                <tns:InputElement>_AUTHOR</tns:InputElement>
                <tns:Score>1.0</tns:Score>
            </tns:MatchedElement>
        </tns:MatchedOperation>
        <tns:WsScore>1.0</tns:WsScore>
    </tns:Matching>
    <tns:Matching>
        <tns:OutputServiceName>Academic-item-numberPublicationauthorService</tns:OutputServiceName>
        <tns:InputServiceName>AuthorNovelmaxpriceService</tns:InputServiceName>
        <tns:MatchedOperation>
            <tns:OutputOperationName>get_PUBLICATION_AUTHOR</tns:OutputOperationName>
            <tns:InputOperationName>get_NOVEL_MAXPRICE</tns:InputOperationName>
            <tns:OpScore>1.0</tns:OpScore>
            <tns:MatchedElement>
                <tns:OutputElement>_AUTHOR</tns:OutputElement>
                <tns:InputElement>_AUTHOR</tns:InputElement>
                <tns:Score>1.0</tns:Score>
            </tns:MatchedElement>
        </tns:MatchedOperation>
        <tns:WsScore>1.0</tns:WsScore>
    </tns:Matching>
    <tns:Matching>
        <tns:OutputServiceName>Academic-item-numberPublicationauthorService</tns:OutputServiceName>
        <tns:InputServiceName>AuthorNovelpriceService</tns:InputServiceName>
        <tns:MatchedOperation>
            <tns:OutputOperationName>get_PUBLICATION_AUTHOR</tns:OutputOperationName>
            <tns:InputOperationName>get_NOVEL_PRICE</tns:InputOperationName>
            <tns:OpScore>1.0</tns:OpScore>
            <tns:MatchedElement>
                <tns:OutputElement>_AUTHOR</tns:OutputElement>
                <tns:InputElement>_AUTHOR</tns:InputElement>
                <tns:Score>1.0</tns:Score>
            </tns:MatchedElement>
        </tns:MatchedOperation>
        <tns:WsScore>1.0</tns:WsScore>
    </tns:Matching>
    <tns:Matching>
        <tns:OutputServiceName>Academic-item-numberPublicationauthorService</tns:OutputServiceName>
        <tns:InputServiceName>AuthorNovelrecommendedpriceService</tns:InputServiceName>
        <tns:MatchedOperation>
            <tns:OutputOperationName>get_PUBLICATION_AUTHOR</tns:OutputOperationName>
            <tns:InputOperationName>get_NOVEL_RECOMMENDEDPRICE</tns:InputOperationName>
            <tns:OpScore>1.0</tns:OpScore>
            <tns:MatchedElement>
                <tns:OutputElement>_AUTHOR</tns:OutputElement>
                <tns:InputElement>_AUTHOR</tns:InputElement>
                <tns:Score>1.0</tns:Score>
            </tns:MatchedElement>
        </tns:MatchedOperation>
        <tns:WsScore>1.0</tns:WsScore>
    </tns:Matching>
    <tns:Matching>
        <tns:OutputServiceName>Academic-item-numberPublicationauthorService</tns:OutputServiceName>
        <tns:InputServiceName>AuthorNoveltaxedpriceService</tns:InputServiceName>
        <tns:MatchedOperation>
            <tns:OutputOperationName>get_PUBLICATION_AUTHOR</tns:OutputOperationName>
            <tns:InputOperationName>get_NOVEL_TAXEDPRICE</tns:InputOperationName>
            <tns:OpScore>1.0</tns:OpScore>
            <tns:MatchedElement>
                <tns:OutputElement>_AUTHOR</tns:OutputElement>
                <tns:InputElement>_AUTHOR</tns:InputElement>
                <tns:Score>1.0</tns:Score>
            </tns:MatchedElement>
        </tns:MatchedOperation>
        <tns:WsScore>1.0</tns:WsScore>
    </tns:Matching>
    <tns:Matching>
        <tns:OutputServiceName>Academic-item-numberPublicationauthorService</tns:OutputServiceName>
        <tns:InputServiceName>AuthorNoveltaxfreepriceService</tns:InputServiceName>
        <tns:MatchedOperation>
            <tns:OutputOperationName>get_PUBLICATION_AUTHOR</tns:OutputOperationName>
            <tns:InputOperationName>get_NOVEL_TAXFREEPRICE</tns:InputOperationName>
            <tns:OpScore>1.0</tns:OpScore>
            <tns:MatchedElement>
                <tns:OutputElement>_AUTHOR</tns:OutputElement>
                <tns:InputElement>_AUTHOR</tns:InputElement>
                <tns:Score>1.0</tns:Score>
            </tns:MatchedElement>
        </tns:MatchedOperation>
        <tns:WsScore>1.0</tns:WsScore>
    </tns:Matching>
    <tns:Matching>
        <tns:OutputServiceName>Academic-item-numberPublicationauthorService</tns:OutputServiceName>
        <tns:InputServiceName>AuthorPublicationmaxpriceService</tns:InputServiceName>
        <tns:MatchedOperation>
            <tns:OutputOperationName>get_PUBLICATION_AUTHOR</tns:OutputOperationName>
            <tns:InputOperationName>get_PUBLICATION_MAXPRICE</tns:InputOperationName>
            <tns:OpScore>1.0</tns:OpScore>
            <tns:MatchedElement>
                <tns:OutputElement>_AUTHOR</tns:OutputElement>
                <tns:InputElement>_AUTHOR</tns:InputElement>
                <tns:Score>1.0</tns:Score>
            </tns:MatchedElement>
        </tns:MatchedOperation>
        <tns:WsScore>1.0</tns:WsScore>
    </tns:Matching>
    <tns:Matching>
        <tns:OutputServiceName>AcademicAddressService</tns:OutputServiceName>
        <tns:InputServiceName>Where2GetIt_Geospatial_API_Geocode</tns:InputServiceName>
        <tns:MatchedOperation>
            <tns:OutputOperationName>get_ADDRESS</tns:OutputOperationName>
            <tns:InputOperationName>Where2GetIt_Geospatial_API_Geocode</tns:InputOperationName>
            <tns:OpScore>1.0</tns:OpScore>
            <tns:MatchedElement>
                <tns:OutputElement>_ADDRESS</tns:OutputElement>
                <tns:InputElement>addresses</tns:InputElement>
                <tns:Score>1.0</tns:Score>
            </tns:MatchedElement>
        </tns:MatchedOperation>
        <tns:WsScore>1.0</tns:WsScore>
    </tns:Matching>
    <tns:Matching>
        <tns:OutputServiceName>ActivityCityService</tns:OutputServiceName>
        <tns:InputServiceName>AgentmovementService</tns:InputServiceName>
        <tns:MatchedOperation>
            <tns:OutputOperationName>get_CITY</tns:OutputOperationName>
            <tns:InputOperationName>getFuturePosition</tns:InputOperationName>
            <tns:OpScore>0.6</tns:OpScore>
            <tns:MatchedElement>
                <tns:OutputElement>_CITY</tns:OutputElement>
                <tns:InputElement>Agent</tns:InputElement>
                <tns:Score>0.6</tns:Score>
            </tns:MatchedElement>
        </tns:MatchedOperation>
        <tns:WsScore>0.6</tns:WsScore>
    </tns:Matching>
    <tns:Matching>
        <tns:OutputServiceName>ActivityTownService</tns:OutputServiceName>
        <tns:InputServiceName>AgentmovementService</tns:InputServiceName>
        <tns:MatchedOperation>
            <tns:OutputOperationName>get_TOWN</tns:OutputOperationName>
            <tns:InputOperationName>getFuturePosition</tns:InputOperationName>
            <tns:OpScore>0.6</tns:OpScore>
            <tns:MatchedElement>
                <tns:OutputElement>_TOWN</tns:OutputElement>
                <tns:InputElement>Agent</tns:InputElement>
                <tns:Score>0.6</tns:Score>
            </tns:MatchedElement>
        </tns:MatchedOperation>
        <tns:WsScore>0.6</tns:WsScore>
    </tns:Matching>
</tns:WSMatching>
